Month,Mileage
APR 2023,1905.5
AUG 2023,1769.98
DEC 2022,798.24
FEB 2023,909.8100000000001
JAN 2023,594.68
JULY 2023,1439.46
JUN 2023,1211.5900000000001
MAR 2023,1704.79
MAY 2023,2038.2
NOV 2023,988.24
OCT 2023,983.36
SEP 2023,532.5600000000001
