Month,Mileage
APR 2022,2208.39
AUG 2022,1407.5900000000001
DEC 2021,0.0
FEB 2022,2662.3
JAN 2022,345.44
JULY 2022,1274.67
JUN 2022,2114.9300000000003
MAR 2022,1884.2
MAY 2022,2297.38
NOV 2022,0.0
OCT 2022,2905.06
SEP 2022,1540.85
