Month,Mileage
APR 2022,5923.96
AUG 2022,1967.9299999999998
DEC 2021,5164.820000000001
FEB 2022,4670.48
JAN 2022,5056.32
JULY 2022,1553.8200000000002
JUN 2022,1707.28
MAR 2022,5132.73
MAY 2022,2833.31
NOV 2022,1597.55
OCT 2022,1563.94
SEP 2022,1093.0
