Month,Mileage
APR 2023,4862.8
AUG 2023,6413.9
DEC 2022,3418.7
FEB 2023,2973.9
JAN 2023,3482.5
JULY 2023,4291.0
JUN 2023,4818.0
MAR 2023,2687.4
MAY 2023,7322.099999999999
NOV 2023,4473.3
OCT 2023,3695.2
SEP 2023,4332.200000000001
