Month,Mileage
APR 2022,197.2125
AUG 2022,51.50625
DEC 2021,0.0
FEB 2022,0.0
JAN 2022,0.0
JULY 2022,11.2
JUN 2022,15.66875
MAR 2022,69.375
MAY 2022,67.24375
NOV 2022,0.0
OCT 2022,114.7625
SEP 2022,123.14375
