Month,Mileage
APR 2022,4512.95796935
AUG 2022,8149.41179417
DEC 2021,879.38044152
FEB 2022,3472.87918001
JAN 2022,1118.7577224
JULY 2022,5614.243747735
JUN 2022,4339.362052078
MAR 2022,3770.76966226
MAY 2022,5623.90648691
NOV 2022,5492.606743992
OCT 2022,5521.270983427
SEP 2022,4479.746830899
