Month,Mileage
APR 2023,4552.6502542
AUG 2023,8341.930785
DEC 2022,1691.8598240000001
FEB 2023,3237.989076159
JAN 2023,2005.2893585
JULY 2023,7524.48038009
JUN 2023,6958.709417
MAR 2023,2360.1936029999997
MAY 2023,5327.81963298
NOV 2023,5810.547919
OCT 2023,4057.634313
SEP 2023,6473.58158459
