Month,Mileage
APR 2023,432.9
AUG 2023,1899.46
DEC 2022,356.34
FEB 2023,1323.92
JAN 2023,370.03000000000003
JULY 2023,2600.73
JUN 2023,2035.81
MAR 2023,1169.83
MAY 2023,84.53999999999999
NOV 2023,1879.11
OCT 2023,2186.2400000000002
SEP 2023,1875.17
