Month,Mileage
APR 2022,41.6
AUG 2022,107.1
DEC 2021,75.4
FEB 2022,68.69999999999999
JAN 2022,191.0
JULY 2022,75.3
JUN 2022,65.1
MAR 2022,210.8
MAY 2022,62.0
NOV 2022,110.0
OCT 2022,80.0
SEP 2022,107.19999999999999
