Month,Mileage
APR 2022,634.65
AUG 2022,393.82
DEC 2021,1241.19
FEB 2022,620.56
JAN 2022,1283.42
JULY 2022,619.35
JUN 2022,592.07
MAR 2022,513.11
MAY 2022,635.8199999999999
NOV 2022,204.42000000000002
OCT 2022,248.95000000000002
SEP 2022,181.9
