Month,Mileage
APR 2023,4678.83
AUG 2023,4056.55
DEC 2022,587.93
FEB 2023,5322.7
JAN 2023,2640.4
JULY 2023,3963.2200000000003
JUN 2023,3482.48
MAR 2023,3606.5600000000004
MAY 2023,4370.09
NOV 2023,2758.89
OCT 2023,2807.09
SEP 2023,4106.55
